<project _id='0' defaultElement='16d6534b-5e56-4cfc-9444-07c514ed43e8' uuid='e6822003-39e3-4dee-917a-5f54ee3b2834' author='7e840175-f9c4-4886-a221-ef91e3493e27' import='6707f981-110d-4629-a0bf-c35a4688025c'>
  <folder>
    <libraryFolder _id='1'>
      <name>
        <translation lang='en' text='Sim'/>
      </name>
      <items>
        <containerLibraryElement _id='2' uuid='16d6534b-5e56-4cfc-9444-07c514ed43e8'>
          <name>
            <translation lang='en' text='New Circuit'/>
          </name>
        </containerLibraryElement>
      </items>
    </libraryFolder>
  </folder>
</project>